{
  "subject_1": {
    "height length": 1.6586462259292603,
    "shoulder width length": 0.3205546736717224,
    "torso height from back length": 0.36205464601516724,
    "torso height from front length": 0.42131173610687256,
    "head length": 0.2703050374984741,
    "midline neck length": 0.08305035531520844,
    "lateral neck length": 0.1367242932319641,
    "left hand length": 0.16583213210105896,
    "right hand length": 0.1658376157283783,
    "left arm length": 0.49047622084617615,
    "right arm length": 0.49329376220703125,
    "left forearm length": 0.23396623134613037,
    "right forearm length": 0.2339647114276886,
    "left thigh length": 0.3585808277130127,
    "right thigh length": 0.35858550667762756,
    "left calf length": 0.38291454315185547,
    "right calf length": 0.3829115629196167,
    "left footwidth length": 0.08065846562385559,
    "right footwidth length": 0.08660135418176651,
    "left heel to ball length": 0.1911247819662094,
    "right heel to ball length": 0.18813994526863098,
    "left heel to toe length": 0.25007152557373047,
    "right heel to toe length": 0.2458612620830536,
    "waist circumference": 0.876499250144858,
    "chest circumference": 1.0149958908821748,
    "hip circumference": 1.0597880208008568,
    "head circumference": 0.562832491650472,
    "neck circumference": 0.3638644050962009,
    "left arm circumference": 0.3072691683518127,
    "right arm circumference": 0.3050049399709375,
    "left forearm circumference": 0.2586527193093149,
    "right forearm circumference": 0.25780524043630026,
    "left thigh circumference": 0.5276117349722227,
    "right thigh circumference": 0.5276427069980453,
    "left calf circumference": 0.36907397687091825,
    "right calf circumference": 0.3672036362357776
  }
}